{
  "2025": {
    "cash": 0.01238899975,
    "stock": 0.8000439969,
    "bond": 0.18702200200000002,
    "preferred": 0.0,
    "convertible": 0.00011499999949999999,
    "other": 0.000439999982
  }
}
